booking_id,listing_id,guest_id,booking_date,check_in_date,check_out_date,nights,num_guests,total_price,lead_time_days,channel,guest_country,is_repeat_guest,deposit_taken,status,cancellation_date,refund_amount,updated_at
B004162,L0073,G01319,2025-08-25,2026-01-03,2026-01-07,4,3,672,131,Direct,PT,1,1,completed,,0,2025-08-01T12:00:00
B000361,L0047,G00215,2024-10-18,2024-12-11,2024-12-18,7,1,2800,54,Direct,NL,0,0,cancelled,2024-11-02,0,2025-08-01T12:00:00
B004061,L0075,G02352,2026-06-23,2026-11-10,2026-11-12,2,1,680,140,Booking.com,US,0,0,cancelled,2026-07-23,340,2025-08-01T12:00:00
B002872,L0045,G01706,2024-12-08,2025-03-13,2025-03-17,4,2,264,95,Vrbo,ES,0,0,cancelled,2024-12-21,132,2025-08-01T12:00:00
B004063,L0041,G00161,2026-09-19,2027-01-23,2027-01-30,7,8,1547,126,Vrbo,FR,1,1,completed,,0,2025-08-01T12:00:00
B004139,L0023,G00974,2026-09-15,2026-12-11,2026-12-15,4,7,600,87,Airbnb,DE,0,0,completed,,0,2025-08-01T12:00:00
B004011,L0007,G02320,2026-08-01,2026-09-08,2026-09-15,7,8,1855,38,Direct,NL,0,0,completed,,0,2025-08-01T12:00:00
B003143,L0005,G01523,2024-03-12,2024-06-24,2024-06-27,3,2,690,104,Airbnb,FR,0,0,cancelled,2024-03-13,690,2025-08-01T12:00:00
B001602,L0076,G02002,2024-01-17,2024-01-26,2024-02-05,10,2,1290,9,Booking.com,ES,0,1,cancelled,2024-01-29,1290,2025-08-01T12:00:00
B004190,L0012,G00774,2026-04-17,2026-10-10,2026-10-18,8,5,2448,176,Vrbo,PT,1,1,completed,,0,2025-08-01T12:00:00
B004054,L0006,G01072,2025-11-26,2025-12-10,2025-12-18,8,1,2760,14,Booking.com,US,0,0,completed,,0,2025-08-01T12:00:00
B004145,L0047,G00708,2026-10-05,2027-04-01,2027-04-06,5,1,2140,178,Airbnb,PT,0,1,cancelled,2027-01-01,2140,2025-08-01T12:00:00
B004004,L0018,G01992,2026-02-25,2026-06-04,2026-06-10,6,2,1152,99,Direct,IT,1,0,completed,,0,2025-08-01T12:00:00
B004096,L0030,G02473,2026-03-12,2026-09-15,2026-09-21,6,2,978,187,Airbnb,US,0,1,cancelled,2026-03-13,978,2025-08-01T12:00:00
B004150,L0024,G01419,2025-07-18,2025-10-06,2025-10-16,10,1,2760,80,Direct,PT,0,1,completed,,0,2025-08-01T12:00:00
B004044,L0009,G01993,2025-07-19,2025-11-05,2025-11-11,6,1,738,109,Booking.com,NL,0,1,completed,,0,2025-08-01T12:00:00
B002079,L0001,G00576,2025-02-12,2025-07-19,2025-07-25,6,3,462,157,Booking.com,ES,1,1,cancelled,2025-02-25,231,2025-08-01T12:00:00
B001040,L0066,G00415,2025-05-03,2025-05-14,2025-05-22,8,2,1568,11,Airbnb,BR,0,1,cancelled,2025-05-08,0,2025-08-01T12:00:00
B004076,L0045,G01492,2026-06-08,2026-08-24,2026-08-30,6,1,426,77,Airbnb,GB,0,0,cancelled,2026-07-04,213,2025-08-01T12:00:00
B002011,L0069,G00895,2024-07-09,2024-08-19,2024-08-28,9,1,2052,41,Booking.com,IT,0,1,cancelled,2024-07-18,2052,2025-08-01T12:00:00
B001550,L0038,G00708,2024-03-15,2024-06-01,2024-06-10,9,3,2367,78,Direct,DE,0,0,cancelled,2024-03-16,1183,2025-08-01T12:00:00
B003798,L0077,G00343,2025-02-03,2025-04-25,2025-05-01,6,2,2124,81,Airbnb,FR,0,0,cancelled,2025-02-16,0,2025-08-01T12:00:00
B004022,L0015,G01212,2026-06-18,2026-12-29,2027-01-05,7,6,763,194,Vrbo,GB,1,0,cancelled,2026-07-28,381,2025-08-01T12:00:00
B003140,L0047,G00223,2025-05-11,2025-09-25,2025-09-29,4,1,1616,137,Booking.com,NL,0,0,cancelled,2025-05-30,0,2025-08-01T12:00:00
B004062,L0004,G01738,2026-10-28,2027-04-09,2027-04-16,7,2,861,163,Vrbo,US,0,1,completed,,0,2025-08-01T12:00:00
B002947,L0004,G00913,2025-03-23,2025-05-12,2025-05-13,1,1,104,50,Booking.com,FR,0,0,cancelled,2025-03-30,0,2025-08-01T12:00:00
B004189,L0009,G01252,2026-03-04,2026-03-24,2026-03-25,1,4,109,20,Airbnb,DE,1,0,completed,,0,2025-08-01T12:00:00
B002183,L0019,G01604,2024-09-17,2025-03-21,2025-03-29,8,2,792,185,Direct,PT,0,1,cancelled,2024-09-18,0,2025-08-01T12:00:00
B002190,L0005,G00709,2025-06-09,2025-07-09,2025-07-19,10,1,2740,30,Direct,PT,0,1,cancelled,2025-06-10,2740,2025-08-01T12:00:00
B004186,L0054,G01659,2025-12-28,2026-06-22,2026-06-30,8,2,1112,176,Airbnb,FR,0,0,cancelled,2026-01-26,0,2025-08-01T12:00:00
B003711,L0009,G01464,2024-02-26,2024-04-05,2024-04-15,10,1,1230,39,Vrbo,NL,1,1,cancelled,2024-03-10,1230,2025-08-01T12:00:00
B001156,L0070,G01084,2024-12-19,2025-03-26,2025-03-28,2,1,226,97,Booking.com,NL,1,0,cancelled,2024-12-26,0,2025-08-01T12:00:00
B004159,L0019,G01693,2026-05-10,2026-11-12,2026-11-22,10,2,1220,186,Airbnb,US,0,0,confirmed,,0,2025-08-01T12:00:00
B004047,L0012,G02020,2025-06-18,2025-10-20,2025-10-26,6,3,1638,124,Vrbo,IT,0,0,confirmed,,0,2025-08-01T12:00:00
B002805,L0065,G02416,2025-03-15,2025-07-30,2025-08-01,2,3,430,137,Airbnb,GB,0,0,cancelled,2025-03-22,0,2025-08-01T12:00:00
B004036,L0070,G00857,2026-01-15,2026-03-14,2026-03-22,8,2,1368,58,Vrbo,DE,0,1,confirmed,,0,2025-08-01T12:00:00
B004091,L0021,G01167,2025-09-08,2025-12-20,2025-12-24,4,2,852,103,Vrbo,IT,1,1,cancelled,2025-11-02,852,2025-08-01T12:00:00
B004060,L0078,G01729,2025-06-16,2025-10-25,2025-10-29,4,2,808,131,Booking.com,US,0,0,completed,,0,2025-08-01T12:00:00
B004068,L0028,G02463,2025-07-27,2025-12-06,2025-12-15,9,6,2493,132,Booking.com,PT,0,1,cancelled,2025-08-13,2493,2025-08-01T12:00:00
B004114,L0080,G01376,2026-05-13,2026-10-17,2026-10-22,5,2,1590,157,Airbnb,US,0,1,completed,,0,2025-08-01T12:00:00
B004194,L0023,G00105,2026-09-14,2026-10-23,2026-10-26,3,7,567,39,Booking.com,IT,0,1,completed,,0,2025-08-01T12:00:00
B001753,L0052,G01309,2025-03-10,2025-05-13,2025-05-17,4,1,1360,64,Booking.com,NL,1,1,cancelled,2025-03-30,680,2025-08-01T12:00:00
B004171,L0019,G00814,2025-09-01,2025-10-27,2025-11-02,6,2,588,56,Direct,DE,0,1,cancelled,2025-09-15,294,2025-08-01T12:00:00
B003547,L0040,G00820,2024-05-28,2024-08-26,2024-08-27,1,2,300,90,Vrbo,PT,0,0,cancelled,2024-06-09,150,2025-08-01T12:00:00
B002224,L0043,G00887,2025-03-14,2025-03-16,2025-03-24,8,2,1592,2,Vrbo,NL,0,1,cancelled,2025-04-01,796,2025-08-01T12:00:00
B004074,L0011,G01629,2026-11-11,2027-04-16,2027-04-25,9,1,2430,156,Airbnb,FR,1,1,cancelled,2027-04-02,2430,2025-08-01T12:00:00
B004086,L0028,G00697,2025-06-03,2025-06-10,2025-06-17,7,3,2002,7,Booking.com,FR,0,1,cancelled,2025-06-04,2002,2025-08-01T12:00:00
B004092,L0021,G00880,2026-01-09,2026-02-14,2026-02-17,3,2,621,36,Direct,BR,1,0,completed,,0,2025-08-01T12:00:00
B004104,L0033,G01917,2026-01-03,2026-02-16,2026-02-23,7,8,623,44,Airbnb,PT,1,1,completed,,0,2025-08-01T12:00:00
B004043,L0052,G01023,2026-03-14,2026-06-05,2026-06-13,8,1,2728,83,Airbnb,US,1,0,completed,,0,2025-08-01T12:00:00
B004174,L0030,G01168,2025-11-14,2025-12-10,2025-12-17,7,2,1015,26,Direct,PT,0,1,cancelled,2025-11-26,1015,2025-08-01T12:00:00
B004199,L0019,G01974,2025-06-12,2025-12-04,2025-12-05,1,1,105,175,Airbnb,DE,0,1,cancelled,2025-06-14,52,2025-08-01T12:00:00
B004144,L0050,G00559,2026-06-21,2026-07-30,2026-08-05,6,1,1764,39,Booking.com,IT,0,1,cancelled,2026-06-28,1764,2025-08-01T12:00:00
B004143,L0025,G01401,2025-12-17,2026-03-02,2026-03-03,1,2,203,75,Airbnb,US,0,0,confirmed,,0,2025-08-01T12:00:00
B000370,L0052,G00134,2024-07-08,2024-10-11,2024-10-19,8,2,1832,95,Airbnb,GB,0,0,cancelled,2024-07-20,916,2025-08-01T12:00:00
B004097,L0034,G00729,2026-10-19,2026-11-23,2026-12-02,9,3,2538,35,Airbnb,PT,0,1,cancelled,2026-11-15,1269,2025-08-01T12:00:00
B004072,L0065,G01631,2026-06-24,2026-08-05,2026-08-14,9,7,2520,42,Vrbo,US,1,1,cancelled,2026-06-30,1260,2025-08-01T12:00:00
B004034,L0033,G00450,2026-07-27,2027-01-01,2027-01-03,2,4,152,158,Direct,US,1,1,cancelled,2026-07-28,0,2025-08-01T12:00:00
B004111,L0012,G00609,2025-08-25,2026-03-03,2026-03-04,1,1,253,190,Booking.com,US,0,1,completed,,0,2025-08-01T12:00:00
B004005,L0015,G00510,2026-06-24,2026-11-11,2026-11-15,4,2,464,140,Booking.com,IT,1,0,cancelled,2026-10-20,464,2025-08-01T12:00:00
B004130,L0074,G01232,2025-06-19,2025-07-07,2025-07-12,5,3,1295,18,Airbnb,GB,0,1,cancelled,2025-06-28,1295,2025-08-01T12:00:00
B004109,L0055,G01747,2026-11-01,2027-01-12,2027-01-21,9,4,1179,72,Booking.com,ES,0,1,cancelled,2026-12-27,1179,2025-08-01T12:00:00
B004087,L0064,G00350,2025-08-31,2026-01-05,2026-01-13,8,1,1888,127,Vrbo,US,1,1,cancelled,2025-11-01,1888,2025-08-01T12:00:00
B000343,L0080,G02477,2024-04-04,2024-04-19,2024-04-29,10,3,3060,15,Booking.com,GB,0,0,cancelled,2024-04-24,0,2025-08-01T12:00:00
B004151,L0077,G02350,2026-06-02,2026-07-26,2026-08-03,8,2,2912,54,Booking.com,PT,1,1,confirmed,,0,2025-08-01T12:00:00
B004148,L0002,G00478,2026-01-04,2026-07-09,2026-07-10,1,1,294,186,Vrbo,US,0,0,cancelled,2026-01-16,294,2025-08-01T12:00:00
B003108,L0049,G01077,2024-12-26,2025-06-01,2025-06-11,10,1,1520,157,Airbnb,IT,1,1,cancelled,2024-12-31,0,2025-08-01T12:00:00
B003014,L0028,G00172,2025-03-04,2025-07-24,2025-07-26,2,4,584,142,Vrbo,IT,0,1,cancelled,2025-03-11,292,2025-08-01T12:00:00
B004188,L0027,G00832,2025-11-25,2026-02-17,2026-02-19,2,1,388,84,Airbnb,DE,1,0,cancelled,2026-02-04,388,2025-08-01T12:00:00
B003214,L0079,G02279,2024-01-03,2024-03-28,2024-04-01,4,2,1036,85,Vrbo,NL,0,0,cancelled,2024-01-16,1036,2025-08-01T12:00:00
B004008,L0034,G00846,2026-11-12,2027-01-15,2027-01-21,6,2,1476,64,Airbnb,US,0,0,completed,,0,2025-08-01T12:00:00
B004040,L0045,G01346,2026-05-26,2026-11-16,2026-11-25,9,1,756,174,Airbnb,IT,0,1,cancelled,2026-08-20,378,2025-08-01T12:00:00
B004046,L0039,G02278,2025-09-27,2026-02-04,2026-02-11,7,3,2023,130,Vrbo,BR,1,0,cancelled,2025-10-22,0,2025-08-01T12:00:00
B000310,L0059,G02195,2024-12-09,2025-04-07,2025-04-14,7,1,714,119,Airbnb,IT,0,0,cancelled,2024-12-28,357,2025-08-01T12:00:00
B004141,L0027,G00013,2025-10-14,2025-11-25,2025-11-27,2,1,500,42,Vrbo,BR,0,1,confirmed,,0,2025-08-01T12:00:00
B004198,L0011,G02212,2026-05-21,2026-07-21,2026-07-29,8,1,2904,61,Booking.com,IT,0,0,completed,,0,2025-08-01T12:00:00
B000175,L0010,G00716,2024-04-13,2024-06-18,2024-06-22,4,1,468,66,Vrbo,DE,0,1,cancelled,2024-04-30,468,2025-08-01T12:00:00
B004108,L0065,G00433,2026-10-14,2026-12-17,2026-12-25,8,3,1984,64,Booking.com,FR,0,0,completed,,0,2025-08-01T12:00:00
B002132,L0026,G01160,2024-04-11,2024-07-17,2024-07-25,8,2,3152,97,Vrbo,NL,1,1,cancelled,2024-04-18,3152,2025-08-01T12:00:00
B004080,L0027,G01126,2026-02-27,2026-03-16,2026-03-21,5,1,1485,17,Direct,FR,1,1,completed,,0,2025-08-01T12:00:00
B004168,L0073,G00283,2025-11-03,2026-04-20,2026-04-23,3,4,483,168,Booking.com,GB,0,1,confirmed,,0,2025-08-01T12:00:00
B003380,L0024,G01826,2024-01-16,2024-07-08,2024-07-18,10,1,2570,174,Direct,PT,0,0,cancelled,2024-02-01,2570,2025-08-01T12:00:00
B004116,L0073,G00964,2025-07-30,2025-08-29,2025-08-31,2,2,338,30,Airbnb,GB,0,1,cancelled,2025-08-07,169,2025-08-01T12:00:00
B004176,L0069,G00738,2026-07-22,2026-10-30,2026-11-08,9,2,1629,100,Airbnb,DE,1,0,completed,,0,2025-08-01T12:00:00
B004136,L0027,G00023,2025-10-09,2026-01-29,2026-01-31,2,1,558,112,Booking.com,BR,0,1,completed,,0,2025-08-01T12:00:00
B004133,L0064,G01793,2025-06-10,2025-09-22,2025-09-28,6,1,1050,104,Airbnb,GB,1,1,cancelled,2025-06-17,525,2025-08-01T12:00:00
B004137,L0026,G01635,2025-10-14,2026-03-28,2026-03-29,1,2,407,165,Airbnb,DE,1,1,confirmed,,0,2025-08-01T12:00:00
B001304,L0003,G00098,2024-05-25,2024-08-18,2024-08-23,5,2,1055,85,Vrbo,FR,0,0,cancelled,2024-06-04,0,2025-08-01T12:00:00
B004120,L0069,G01577,2026-01-08,2026-02-26,2026-03-02,4,2,796,49,Airbnb,PT,0,0,completed,,0,2025-08-01T12:00:00
B000899,L0036,G00051,2024-01-27,2024-06-02,2024-06-06,4,5,632,127,Booking.com,IT,1,0,cancelled,2024-02-05,0,2025-08-01T12:00:00
B003116,L0050,G01545,2024-03-26,2024-04-09,2024-04-14,5,7,1390,14,Airbnb,FR,0,1,cancelled,2024-04-03,0,2025-08-01T12:00:00
B004006,L0065,G01291,2025-07-22,2025-08-07,2025-08-10,3,6,738,16,Airbnb,FR,0,1,cancelled,2025-07-30,369,2025-08-01T12:00:00
B004170,L0003,G01497,2025-06-08,2025-11-09,2025-11-17,8,2,2360,154,Vrbo,PT,1,0,cancelled,2025-09-20,0,2025-08-01T12:00:00
B004053,L0025,G00385,2025-10-19,2026-02-25,2026-02-27,2,1,364,129,Airbnb,PT,0,1,completed,,0,2025-08-01T12:00:00
B004167,L0013,G02132,2025-12-27,2026-01-17,2026-01-20,3,5,405,21,Airbnb,IT,0,1,completed,,0,2025-08-01T12:00:00
B004094,L0001,G00320,2026-03-12,2026-05-18,2026-05-26,8,1,616,67,Direct,FR,0,1,cancelled,2026-04-15,308,2025-08-01T12:00:00
B004045,L0030,G01714,2025-08-20,2026-01-28,2026-01-29,1,1,130,161,Booking.com,GB,0,0,cancelled,2025-12-17,65,2025-08-01T12:00:00
B004160,L0028,G02291,2025-08-01,2026-01-07,2026-01-15,8,4,2144,159,Airbnb,NL,1,1,confirmed,,0,2025-08-01T12:00:00
B003346,L0027,G00216,2025-03-05,2025-06-03,2025-06-11,8,2,1544,90,Booking.com,ES,0,1,cancelled,2025-03-15,772,2025-08-01T12:00:00
B004175,L0067,G02369,2025-12-31,2026-07-06,2026-07-13,7,1,1778,187,Airbnb,NL,0,0,confirmed,,0,2025-08-01T12:00:00
B004002,L0062,G01679,2025-07-19,2025-12-03,2025-12-10,7,1,546,137,Vrbo,ES,0,1,completed,,0,2025-08-01T12:00:00
B004115,L0051,G00096,2026-07-05,2026-10-22,2026-10-27,5,6,325,109,Airbnb,PT,0,0,completed,,0,2025-08-01T12:00:00
B004067,L0072,G01420,2025-11-19,2026-04-29,2026-05-08,9,2,972,161,Airbnb,US,0,1,cancelled,2025-12-29,972,2025-08-01T12:00:00
B004089,L0070,G00115,2026-09-15,2027-03-19,2027-03-22,3,3,468,185,Direct,ES,0,1,cancelled,2026-11-23,468,2025-08-01T12:00:00
B004082,L0077,G00202,2026-02-19,2026-08-02,2026-08-09,7,1,2695,164,Direct,DE,1,0,completed,,0,2025-08-01T12:00:00
B004131,L0048,G00890,2025-10-27,2025-11-25,2025-12-02,7,1,1064,29,Direct,US,1,0,completed,,0,2025-08-01T12:00:00
B004107,L0075,G00256,2026-09-11,2027-03-07,2027-03-12,5,1,1430,177,Direct,GB,0,1,cancelled,2026-12-15,1430,2025-08-01T12:00:00
B000255,L0053,G02016,2024-07-11,2024-07-29,2024-08-01,3,4,996,18,Booking.com,FR,0,1,cancelled,2024-07-20,0,2025-08-01T12:00:00
B004007,L0063,G00272,2026-02-08,2026-04-24,2026-04-28,4,1,676,75,Booking.com,GB,0,1,confirmed,,0,2025-08-01T12:00:00
B004152,L0028,G01785,2025-12-03,2026-02-20,2026-02-25,5,3,1580,79,Airbnb,US,0,1,completed,,0,2025-08-01T12:00:00
B004110,L0024,G02035,2026-05-14,2026-11-03,2026-11-13,10,1,1840,173,Direct,PT,0,1,completed,,0,2025-08-01T12:00:00
B004009,L0066,G00589,2026-03-07,2026-09-17,2026-09-23,6,3,1116,194,Vrbo,DE,1,1,completed,,0,2025-08-01T12:00:00
B001209,L0074,G01503,2024-11-30,2025-01-04,2025-01-07,3,3,567,35,Direct,GB,0,0,cancelled,2024-12-03,283,2025-08-01T12:00:00
B002787,L0053,G00422,2024-05-22,2024-11-08,2024-11-10,2,2,668,170,Direct,NL,1,0,cancelled,2024-05-28,0,2025-08-01T12:00:00
B001747,L0055,G02196,2024-04-07,2024-08-17,2024-08-21,4,4,696,132,Airbnb,IT,0,1,cancelled,2024-04-19,696,2025-08-01T12:00:00
B001394,L0020,G00041,2024-08-27,2024-08-30,2024-09-02,3,1,582,3,Airbnb,PT,1,1,cancelled,2024-09-04,582,2025-08-01T12:00:00
B004021,L0080,G01795,2025-12-08,2026-02-23,2026-02-28,5,2,1660,77,Direct,ES,0,1,completed,,0,2025-08-01T12:00:00
B004134,L0006,G01714,2026-08-06,2027-02-11,2027-02-20,9,4,3204,189,Airbnb,NL,0,1,completed,,0,2025-08-01T12:00:00
B001271,L0041,G00953,2025-05-07,2025-10-03,2025-10-06,3,1,714,149,Vrbo,ES,1,0,cancelled,2025-05-23,357,2025-08-01T12:00:00
B004073,L0080,G02345,2025-08-18,2025-12-27,2026-01-04,8,3,1736,131,Airbnb,PT,0,1,completed,,0,2025-08-01T12:00:00
B004129,L0024,G01446,2026-05-13,2026-07-18,2026-07-23,5,1,1325,66,Direct,GB,0,1,completed,,0,2025-08-01T12:00:00
B004048,L0049,G01656,2025-12-20,2026-01-18,2026-01-23,5,1,725,29,Booking.com,US,0,1,confirmed,,0,2025-08-01T12:00:00
B004050,L0073,G02261,2025-11-04,2026-01-30,2026-02-05,6,4,984,87,Booking.com,FR,1,1,completed,,0,2025-08-01T12:00:00
B004121,L0031,G01764,2025-07-20,2025-11-12,2025-11-18,6,2,1728,115,Airbnb,PT,0,0,completed,,0,2025-08-01T12:00:00
B004185,L0049,G01537,2026-10-16,2027-02-10,2027-02-15,5,2,605,117,Airbnb,BR,0,1,cancelled,2026-12-07,605,2025-08-01T12:00:00
B004195,L0039,G00084,2026-03-11,2026-06-09,2026-06-13,4,4,1112,90,Vrbo,BR,0,0,cancelled,2026-04-02,1112,2025-08-01T12:00:00
B001690,L0071,G00017,2024-03-17,2024-09-03,2024-09-05,2,1,184,170,Direct,NL,0,0,cancelled,2024-03-26,92,2025-08-01T12:00:00
B003177,L0050,G02231,2024-05-20,2024-07-29,2024-08-06,8,3,1776,70,Direct,US,0,1,cancelled,2024-06-07,888,2025-08-01T12:00:00
B004183,L0002,G02384,2026-04-12,2026-10-08,2026-10-16,8,2,2112,179,Vrbo,US,0,0,completed,,0,2025-08-01T12:00:00
B004181,L0040,G01999,2026-10-25,2026-11-21,2026-11-26,5,2,1950,27,Airbnb,ES,0,1,completed,,0,2025-08-01T12:00:00
B001282,L0059,G02168,2024-01-16,2024-05-31,2024-06-04,4,2,456,136,Vrbo,ES,0,1,cancelled,2024-02-03,456,2025-08-01T12:00:00
B004172,L0075,G00863,2026-01-14,2026-05-14,2026-05-15,1,1,325,120,Vrbo,DE,0,0,cancelled,2026-02-20,0,2025-08-01T12:00:00
B004056,L0022,G02338,2025-09-29,2025-12-09,2025-12-18,9,1,1791,71,Airbnb,ES,0,1,cancelled,2025-10-30,1791,2025-08-01T12:00:00
B003107,L0062,G01153,2024-11-02,2025-01-01,2025-01-04,3,1,318,60,Vrbo,BR,0,1,cancelled,2024-11-12,318,2025-08-01T12:00:00
B004180,L0075,G01832,2025-09-11,2025-12-10,2025-12-20,10,2,4180,90,Airbnb,PT,0,1,cancelled,2025-10-18,4180,2025-08-01T12:00:00
B004090,L0058,G00527,2026-10-22,2026-11-15,2026-11-22,7,3,2576,24,Booking.com,DE,0,1,cancelled,2026-11-08,2576,2025-08-01T12:00:00
B004042,L0070,G01265,2025-08-29,2025-10-31,2025-11-09,9,2,1539,63,Direct,IT,0,1,cancelled,2025-09-04,1539,2025-08-01T12:00:00
B001276,L0037,G02091,2024-03-04,2024-09-06,2024-09-10,4,1,988,186,Direct,US,0,1,cancelled,2024-03-10,0,2025-08-01T12:00:00
B004132,L0050,G00426,2026-07-17,2026-11-19,2026-11-25,6,6,1620,125,Booking.com,US,0,0,cancelled,2026-11-17,0,2025-08-01T12:00:00
B001173,L0074,G01659,2024-10-02,2025-01-11,2025-01-15,4,2,1188,101,Booking.com,DE,0,1,cancelled,2024-10-14,594,2025-08-01T12:00:00
B004099,L0033,G00974,2025-10-11,2026-01-29,2026-01-31,2,1,154,110,Direct,FR,1,0,completed,,0,2025-08-01T12:00:00
B004019,L0012,G02129,2025-10-18,2026-04-11,2026-04-13,2,2,724,175,Booking.com,NL,0,0,completed,,0,2025-08-01T12:00:00
B003775,L0017,G01457,2024-06-20,2024-10-03,2024-10-11,8,6,1624,105,Vrbo,NL,1,0,cancelled,2024-07-05,812,2025-08-01T12:00:00
B001984,L0005,G01859,2024-11-11,2025-03-16,2025-03-21,5,2,1040,125,Vrbo,NL,0,1,cancelled,2024-11-20,1040,2025-08-01T12:00:00
B004077,L0039,G01688,2025-08-29,2025-11-27,2025-12-04,7,5,1792,90,Vrbo,BR,1,1,cancelled,2025-09-27,1792,2025-08-01T12:00:00
B004018,L0046,G01719,2026-05-18,2026-10-03,2026-10-06,3,2,1233,138,Airbnb,NL,0,1,cancelled,2026-08-13,1233,2025-08-01T12:00:00
B004127,L0011,G01843,2025-09-28,2025-11-10,2025-11-18,8,2,3232,43,Vrbo,DE,0,1,completed,,0,2025-08-01T12:00:00
B004079,L0030,G01966,2026-07-13,2026-09-18,2026-09-26,8,2,1336,67,Airbnb,BR,0,0,completed,,0,2025-08-01T12:00:00
B002314,L0004,G01364,2024-07-22,2024-10-27,2024-10-29,2,2,170,97,Airbnb,FR,0,0,cancelled,2024-07-24,85,2025-08-01T12:00:00
B003381,L0010,G01847,2025-03-18,2025-06-19,2025-06-29,10,2,1490,93,Direct,FR,0,0,cancelled,2025-03-24,1490,2025-08-01T12:00:00
B002016,L0016,G01468,2025-05-19,2025-09-05,2025-09-10,5,7,1125,109,Direct,DE,1,0,cancelled,2025-05-29,562,2025-08-01T12:00:00
B004052,L0031,G00859,2025-08-27,2026-01-30,2026-02-02,3,2,624,156,Vrbo,PT,0,1,cancelled,2025-12-18,624,2025-08-01T12:00:00
B004037,L0015,G01791,2026-05-17,2026-07-27,2026-07-29,2,2,188,71,Vrbo,PT,0,0,completed,,0,2025-08-01T12:00:00
B004085,L0029,G01201,2025-10-16,2026-03-07,2026-03-14,7,5,581,142,Direct,ES,0,1,cancelled,2025-11-28,581,2025-08-01T12:00:00
B000822,L0045,G00133,2025-03-31,2025-05-09,2025-05-17,8,1,736,39,Vrbo,US,1,0,cancelled,2025-04-11,736,2025-08-01T12:00:00
B003709,L0014,G00224,2025-04-22,2025-04-26,2025-04-30,4,2,1516,4,Booking.com,FR,1,0,cancelled,2025-05-06,0,2025-08-01T12:00:00
B004051,L0032,G00953,2026-02-16,2026-08-26,2026-08-31,5,2,430,191,Airbnb,BR,0,0,confirmed,,0,2025-08-01T12:00:00
B004028,L0001,G02220,2025-07-12,2025-11-27,2025-11-30,3,2,186,138,Booking.com,FR,1,1,cancelled,2025-08-23,0,2025-08-01T12:00:00
B004117,L0034,G01335,2026-04-18,2026-05-09,2026-05-18,9,1,2331,21,Airbnb,US,0,0,confirmed,,0,2025-08-01T12:00:00
B004029,L0007,G00378,2025-07-02,2025-09-15,2025-09-22,7,5,1463,75,Vrbo,US,1,0,confirmed,,0,2025-08-01T12:00:00
B004095,L0039,G01099,2025-07-05,2025-10-12,2025-10-18,6,5,1212,99,Booking.com,DE,0,0,cancelled,2025-09-23,0,2025-08-01T12:00:00
B004177,L0026,G00392,2025-07-03,2025-09-22,2025-09-25,3,2,999,81,Booking.com,IT,0,0,completed,,0,2025-08-01T12:00:00
B004155,L0066,G01111,2026-02-27,2026-08-20,2026-08-28,8,3,1520,174,Airbnb,DE,0,1,cancelled,2026-05-06,1520,2025-08-01T12:00:00
B000643,L0064,G00386,2024-04-09,2024-04-13,2024-04-16,3,2,786,4,Direct,FR,0,1,cancelled,2024-04-14,786,2025-08-01T12:00:00
B001928,L0034,G01966,2024-02-21,2024-05-28,2024-05-31,3,1,762,97,Airbnb,BR,1,1,cancelled,2024-03-10,381,2025-08-01T12:00:00
B004020,L0003,G01690,2026-10-02,2027-02-19,2027-02-21,2,2,650,140,Direct,PT,1,1,completed,,0,2025-08-01T12:00:00
B004149,L0032,G01608,2025-08-16,2025-08-27,2025-08-29,2,1,118,11,Airbnb,PT,0,0,completed,,0,2025-08-01T12:00:00
B004164,L0061,G01250,2026-07-08,2026-08-19,2026-08-27,8,2,2776,42,Booking.com,FR,0,1,completed,,0,2025-08-01T12:00:00
B004081,L0004,G00161,2025-06-18,2025-12-07,2025-12-12,5,2,570,172,Booking.com,IT,0,0,cancelled,2025-10-29,285,2025-08-01T12:00:00
B004014,L0027,G00677,2026-06-28,2026-11-06,2026-11-11,5,1,1420,131,Airbnb,US,0,1,completed,,0,2025-08-01T12:00:00
B004125,L0066,G00332,2025-10-06,2025-10-08,2025-10-16,8,4,2024,2,Vrbo,PT,0,0,confirmed,,0,2025-08-01T12:00:00
B004049,L0051,G00695,2026-08-17,2026-10-12,2026-10-17,5,2,470,56,Direct,PT,0,1,completed,,0,2025-08-01T12:00:00
B004138,L0059,G02078,2025-09-05,2026-01-23,2026-01-29,6,1,768,140,Booking.com,FR,1,0,cancelled,2025-11-19,768,2025-08-01T12:00:00
B004030,L0024,G01716,2026-02-25,2026-06-25,2026-07-01,6,2,1662,120,Airbnb,PT,0,0,cancelled,2026-03-02,831,2025-08-01T12:00:00
B004102,L0011,G00687,2026-01-03,2026-01-16,2026-01-19,3,2,1062,13,Vrbo,ES,0,1,cancelled,2026-01-12,0,2025-08-01T12:00:00
B004024,L0045,G00142,2026-10-29,2027-04-30,2027-05-08,8,2,728,183,Booking.com,US,0,0,cancelled,2027-02-27,364,2025-08-01T12:00:00
B001014,L0037,G01373,2025-06-09,2025-08-07,2025-08-13,6,7,1428,59,Direct,DE,0,1,cancelled,2025-06-20,0,2025-08-01T12:00:00
B004071,L0055,G01605,2026-06-18,2026-12-21,2026-12-22,1,4,184,186,Direct,NL,1,1,completed,,0,2025-08-01T12:00:00
B004200,L0041,G00086,2025-12-25,2025-12-27,2026-01-06,10,4,2500,2,Booking.com,FR,1,0,cancelled,2025-12-25,1250,2025-08-01T12:00:00
B000362,L0063,G01335,2025-06-11,2025-07-11,2025-07-13,2,1,408,30,Booking.com,ES,0,1,cancelled,2025-06-17,408,2025-08-01T12:00:00
B004025,L0078,G00666,2025-11-06,2026-02-14,2026-02-19,5,1,640,100,Booking.com,US,1,1,cancelled,2026-02-13,320,2025-08-01T12:00:00
B004197,L0049,G00227,2026-03-10,2026-08-16,2026-08-21,5,2,755,159,Airbnb,DE,0,1,cancelled,2026-07-05,755,2025-08-01T12:00:00
B004122,L0008,G01336,2026-06-20,2026-10-13,2026-10-15,2,1,340,115,Airbnb,PT,0,0,cancelled,2026-07-02,0,2025-08-01T12:00:00
B001332,L0021,G01586,2024-08-11,2024-09-11,2024-09-12,1,2,263,31,Direct,NL,1,1,cancelled,2024-08-12,0,2025-08-01T12:00:00
B002959,L0079,G01389,2024-09-16,2024-11-23,2024-11-28,5,2,1330,68,Vrbo,DE,1,1,cancelled,2024-10-03,665,2025-08-01T12:00:00
B004041,L0029,G01310,2025-10-18,2025-12-07,2025-12-15,8,1,592,50,Airbnb,ES,0,0,cancelled,2025-11-11,592,2025-08-01T12:00:00
B004187,L0018,G01667,2026-04-15,2026-05-04,2026-05-12,8,1,1424,19,Airbnb,DE,0,0,confirmed,,0,2025-08-01T12:00:00
B001291,L0036,G01073,2024-01-06,2024-01-21,2024-01-23,2,8,446,15,Vrbo,IT,0,1,cancelled,2024-01-15,223,2025-08-01T12:00:00
B004113,L0015,G00475,2026-03-06,2026-08-24,2026-08-28,4,2,324,171,Vrbo,BR,1,0,confirmed,,0,2025-08-01T12:00:00
B004003,L0045,G00676,2026-01-29,2026-07-06,2026-07-13,7,2,728,158,Vrbo,GB,1,1,confirmed,,0,2025-08-01T12:00:00
B004147,L0046,G00547,2025-08-26,2026-01-27,2026-02-06,10,2,2880,154,Vrbo,US,0,0,cancelled,2025-09-12,1440,2025-08-01T12:00:00
B001776,L0054,G01196,2025-03-03,2025-04-03,2025-04-10,7,1,882,31,Airbnb,ES,0,0,cancelled,2025-03-18,441,2025-08-01T12:00:00
B004088,L0020,G01013,2026-01-29,2026-03-29,2026-04-04,6,2,1050,59,Airbnb,GB,1,1,cancelled,2026-03-27,525,2025-08-01T12:00:00
B002160,L0004,G02399,2024-08-04,2025-02-07,2025-02-11,4,1,308,187,Direct,GB,1,0,cancelled,2024-08-14,308,2025-08-01T12:00:00
B004157,L0048,G00832,2026-09-18,2026-10-24,2026-11-03,10,1,1190,36,Airbnb,DE,0,1,cancelled,2026-09-22,0,2025-08-01T12:00:00
B002700,L0024,G02357,2024-12-22,2025-05-26,2025-05-27,1,1,262,155,Booking.com,PT,1,0,cancelled,2025-01-04,0,2025-08-01T12:00:00
B004013,L0032,G00395,2025-07-16,2025-12-14,2025-12-23,9,1,540,151,Airbnb,BR,0,1,cancelled,2025-08-03,270,2025-08-01T12:00:00
B003195,L0032,G00596,2024-05-17,2024-10-19,2024-10-27,8,2,520,155,Vrbo,FR,0,0,cancelled,2024-06-01,520,2025-08-01T12:00:00
B004035,L0058,G00740,2026-11-05,2027-01-14,2027-01-22,8,2,2760,70,Airbnb,FR,1,0,confirmed,,0,2025-08-01T12:00:00
B004166,L0042,G02135,2026-03-18,2026-06-12,2026-06-13,1,6,151,86,Airbnb,BR,1,1,cancelled,2026-06-04,151,2025-08-01T12:00:00
B004066,L0001,G00013,2026-06-04,2026-07-14,2026-07-16,2,3,194,40,Vrbo,BR,0,0,cancelled,2026-06-19,0,2025-08-01T12:00:00
B003452,L0020,G00024,2024-10-22,2024-11-11,2024-11-21,10,1,2430,20,Vrbo,GB,0,1,cancelled,2024-11-04,0,2025-08-01T12:00:00
B004032,L0045,G01897,2025-07-25,2025-09-03,2025-09-08,5,1,485,40,Direct,FR,1,1,confirmed,,0,2025-08-01T12:00:00
B004173,L0024,G00740,2025-10-01,2025-10-20,2025-10-30,10,1,2120,19,Direct,FR,0,1,completed,,0,2025-08-01T12:00:00
B004026,L0054,G00480,2026-04-11,2026-09-04,2026-09-12,8,2,1352,146,Airbnb,DE,0,1,cancelled,2026-04-11,1352,2025-08-01T12:00:00
B000120,L0049,G01147,2024-11-10,2024-12-07,2024-12-11,4,1,680,27,Booking.com,PT,0,0,cancelled,2024-11-18,340,2025-08-01T12:00:00
B001580,L0007,G01030,2025-06-13,2025-10-05,2025-10-13,8,3,1512,114,Vrbo,NL,0,0,cancelled,2025-06-29,756,2025-08-01T12:00:00
B001708,L0057,G01265,2025-04-15,2025-08-14,2025-08-19,5,1,740,121,Vrbo,BR,0,0,cancelled,2025-04-18,740,2025-08-01T12:00:00
B004193,L0008,G01788,2025-11-24,2026-03-03,2026-03-13,10,1,2030,99,Airbnb,PT,0,1,completed,,0,2025-08-01T12:00:00
B004123,L0043,G02433,2026-01-07,2026-07-12,2026-07-20,8,2,1448,186,Direct,ES,0,0,cancelled,2026-05-23,0,2025-08-01T12:00:00
B004058,L0010,G02234,2026-11-13,2027-05-20,2027-05-25,5,1,775,188,Vrbo,IT,0,0,cancelled,2027-05-08,775,2025-08-01T12:00:00
B003163,L0036,G02335,2024-06-08,2024-08-01,2024-08-05,4,7,740,54,Booking.com,PT,0,0,cancelled,2024-06-18,740,2025-08-01T12:00:00
B004069,L0025,G01861,2025-08-25,2025-11-22,2025-11-27,5,1,825,89,Booking.com,BR,0,0,cancelled,2025-10-26,412,2025-08-01T12:00:00
B001296,L0074,G00361,2024-08-06,2024-11-20,2024-11-26,6,5,1326,106,Booking.com,BR,0,0,cancelled,2024-08-22,1326,2025-08-01T12:00:00
B000935,L0014,G01575,2025-04-08,2025-06-24,2025-07-04,10,5,2940,77,Vrbo,GB,1,1,cancelled,2025-04-10,1470,2025-08-01T12:00:00
B004135,L0078,G01707,2026-01-21,2026-04-23,2026-04-26,3,6,498,92,Vrbo,FR,1,0,completed,,0,2025-08-01T12:00:00
B004098,L0055,G01169,2025-11-25,2026-01-12,2026-01-13,1,4,176,48,Direct,NL,1,1,confirmed,,0,2025-08-01T12:00:00
B004126,L0028,G01340,2025-06-24,2025-10-28,2025-11-06,9,3,2196,126,Airbnb,BR,0,0,cancelled,2025-09-23,0,2025-08-01T12:00:00
B004106,L0007,G01570,2026-05-01,2026-05-31,2026-06-06,6,1,1062,30,Airbnb,PT,0,0,completed,,0,2025-08-01T12:00:00
B004027,L0031,G02084,2026-05-20,2026-09-03,2026-09-06,3,2,852,106,Booking.com,PT,0,0,cancelled,2026-05-29,0,2025-08-01T12:00:00
B004059,L0043,G01890,2026-08-28,2026-11-16,2026-11-24,8,6,1664,80,Airbnb,ES,0,0,confirmed,,0,2025-08-01T12:00:00
B004064,L0053,G01143,2026-11-20,2026-12-25,2026-12-29,4,8,1084,35,Booking.com,DE,0,0,completed,,0,2025-08-01T12:00:00
B004146,L0017,G00934,2025-12-07,2026-02-20,2026-02-23,3,4,825,75,Booking.com,IT,1,0,cancelled,2026-01-25,412,2025-08-01T12:00:00
B004192,L0060,G01125,2026-11-12,2027-04-26,2027-05-02,6,1,498,165,Vrbo,DE,0,0,confirmed,,0,2025-08-01T12:00:00
B004191,L0009,G00103,2025-11-24,2026-01-29,2026-02-04,6,4,912,66,Booking.com,PT,0,0,completed,,0,2025-08-01T12:00:00
B001544,L0012,G00637,2024-01-04,2024-03-28,2024-03-29,1,4,261,84,Airbnb,BR,0,0,cancelled,2024-01-20,261,2025-08-01T12:00:00
B004124,L0056,G00435,2026-06-30,2027-01-04,2027-01-10,6,2,1968,188,Direct,GB,0,0,cancelled,2026-10-26,1968,2025-08-01T12:00:00
B002706,L0006,G02168,2024-06-16,2024-07-09,2024-07-13,4,2,1356,23,Airbnb,NL,1,0,cancelled,2024-07-04,1356,2025-08-01T12:00:00
B004083,L0075,G00106,2025-09-15,2025-10-30,2025-11-06,7,1,2163,45,Direct,NL,0,0,completed,,0,2025-08-01T12:00:00
B000111,L0055,G00637,2025-02-15,2025-03-09,2025-03-18,9,3,1233,22,Booking.com,GB,0,0,cancelled,2025-03-02,0,2025-08-01T12:00:00
B004156,L0039,G00330,2026-04-08,2026-08-21,2026-08-27,6,5,1608,135,Vrbo,NL,0,1,cancelled,2026-06-24,804,2025-08-01T12:00:00
B003331,L0035,G00494,2024-09-30,2024-12-23,2024-12-24,1,2,385,84,Booking.com,BR,0,1,cancelled,2024-10-14,385,2025-08-01T12:00:00
B001935,L0022,G02159,2024-04-27,2024-08-05,2024-08-09,4,2,856,100,Booking.com,DE,0,0,cancelled,2024-05-10,428,2025-08-01T12:00:00
B004153,L0052,G01736,2026-04-19,2026-07-08,2026-07-12,4,1,1416,80,Direct,ES,0,1,confirmed,,0,2025-08-01T12:00:00
B002332,L0064,G00707,2025-04-14,2025-04-16,2025-04-17,1,2,254,2,Vrbo,ES,0,1,cancelled,2025-04-18,0,2025-08-01T12:00:00
B002808,L0005,G01266,2025-04-06,2025-05-30,2025-06-08,9,2,2115,54,Direct,DE,0,1,cancelled,2025-04-09,0,2025-08-01T12:00:00
B004112,L0035,G01778,2025-06-12,2025-09-07,2025-09-09,2,2,808,87,Direct,IT,0,0,completed,,0,2025-08-01T12:00:00
B001601,L0001,G00375,2024-12-13,2025-02-10,2025-02-19,9,4,648,59,Direct,DE,0,1,cancelled,2024-12-24,324,2025-08-01T12:00:00
B004070,L0037,G01296,2026-07-12,2026-11-14,2026-11-16,2,7,518,125,Airbnb,IT,0,1,cancelled,2026-09-28,518,2025-08-01T12:00:00
B002714,L0021,G02444,2024-03-05,2024-04-24,2024-04-29,5,1,910,50,Airbnb,FR,0,1,cancelled,2024-03-11,0,2025-08-01T12:00:00
B002415,L0053,G02252,2024-12-27,2025-04-09,2025-04-10,1,3,303,103,Airbnb,ES,0,0,cancelled,2025-01-14,151,2025-08-01T12:00:00
B004100,L0071,G00018,2025-10-15,2026-04-20,2026-04-21,1,2,68,187,Airbnb,NL,0,0,completed,,0,2025-08-01T12:00:00
B001852,L0080,G01634,2025-03-13,2025-04-13,2025-04-23,10,7,2670,31,Vrbo,US,1,1,cancelled,2025-03-29,2670,2025-08-01T12:00:00
B001225,L0009,G02450,2024-11-20,2025-01-04,2025-01-05,1,4,133,45,Direct,GB,0,0,cancelled,2024-11-30,66,2025-08-01T12:00:00
B004119,L0037,G01335,2026-03-07,2026-03-20,2026-03-29,9,7,1638,13,Airbnb,BR,0,1,completed,,0,2025-08-01T12:00:00
B004075,L0040,G01052,2026-06-30,2026-07-28,2026-07-30,2,1,530,28,Vrbo,DE,1,1,completed,,0,2025-08-01T12:00:00
B004142,L0011,G00412,2026-05-09,2026-08-04,2026-08-12,8,1,3152,87,Direct,ES,0,0,cancelled,2026-05-26,1576,2025-08-01T12:00:00
B004084,L0047,G00999,2025-07-20,2025-12-23,2025-12-25,2,2,608,156,Vrbo,NL,0,1,completed,,0,2025-08-01T12:00:00
B003545,L0067,G00978,2025-03-11,2025-03-17,2025-03-19,2,2,676,6,Direct,FR,1,1,cancelled,2025-03-27,338,2025-08-01T12:00:00
B004078,L0003,G00006,2025-07-26,2025-11-18,2025-11-23,5,1,1135,115,Direct,ES,1,1,completed,,0,2025-08-01T12:00:00
B004093,L0021,G02218,2026-05-15,2026-07-19,2026-07-21,2,2,352,65,Direct,US,0,1,completed,,0,2025-08-01T12:00:00
B004140,L0015,G01573,2026-05-19,2026-06-27,2026-07-07,10,4,1230,39,Vrbo,IT,0,0,confirmed,,0,2025-08-01T12:00:00
B004015,L0069,G01766,2026-09-06,2027-01-12,2027-01-20,8,1,1192,128,Direct,US,1,1,cancelled,2026-10-21,0,2025-08-01T12:00:00
B000527,L0009,G00454,2025-04-10,2025-04-25,2025-05-01,6,2,942,15,Airbnb,BR,1,1,cancelled,2025-04-30,942,2025-08-01T12:00:00
B004065,L0023,G02231,2026-08-19,2026-12-25,2027-01-03,9,6,1494,128,Vrbo,DE,0,0,completed,,0,2025-08-01T12:00:00
B004023,L0074,G00060,2026-03-14,2026-07-02,2026-07-11,9,2,1917,110,Direct,FR,0,0,cancelled,2026-03-15,1917,2025-08-01T12:00:00
B002343,L0048,G01468,2024-05-05,2024-06-07,2024-06-13,6,1,810,33,Booking.com,GB,0,0,cancelled,2024-05-18,810,2025-08-01T12:00:00
B000414,L0047,G02350,2025-03-22,2025-05-13,2025-05-21,8,2,2832,52,Airbnb,IT,0,0,cancelled,2025-04-05,0,2025-08-01T12:00:00
B004001,L0015,G02136,2026-05-21,2026-07-20,2026-07-22,2,3,240,60,Booking.com,BR,1,0,confirmed,,0,2025-08-01T12:00:00
B004105,L0062,G00056,2025-09-15,2026-01-19,2026-01-21,2,2,182,126,Direct,NL,1,0,cancelled,2025-10-22,91,2025-08-01T12:00:00
B004163,L0051,G01620,2026-11-04,2026-12-05,2026-12-11,6,6,432,31,Airbnb,GB,0,1,cancelled,2026-11-20,216,2025-08-01T12:00:00
B001949,L0023,G02368,2025-01-29,2025-02-18,2025-02-20,2,3,310,20,Airbnb,PT,0,0,cancelled,2025-02-13,310,2025-08-01T12:00:00
B004161,L0062,G00780,2026-05-18,2026-07-12,2026-07-22,10,1,770,55,Airbnb,BR,0,0,completed,,0,2025-08-01T12:00:00
B002671,L0023,G01044,2025-04-18,2025-10-17,2025-10-18,1,4,158,182,Booking.com,IT,0,0,cancelled,2025-05-03,0,2025-08-01T12:00:00
B004182,L0052,G00259,2025-11-12,2025-12-17,2025-12-27,10,2,2470,35,Airbnb,BR,0,0,completed,,0,2025-08-01T12:00:00
B004128,L0050,G01818,2026-09-23,2027-01-13,2027-01-14,1,7,272,112,Airbnb,FR,0,1,cancelled,2026-11-06,272,2025-08-01T12:00:00
B003159,L0006,G01217,2025-03-25,2025-04-15,2025-04-18,3,1,1212,21,Direct,NL,0,0,cancelled,2025-04-06,0,2025-08-01T12:00:00
B004103,L0022,G02100,2025-11-21,2026-03-24,2026-04-03,10,1,3060,123,Booking.com,FR,0,0,cancelled,2026-03-02,3060,2025-08-01T12:00:00
B004118,L0045,G01051,2026-03-19,2026-05-20,2026-05-27,7,2,700,62,Airbnb,PT,0,0,cancelled,2026-04-26,700,2025-08-01T12:00:00
B004055,L0009,G00370,2026-10-28,2027-01-06,2027-01-15,9,2,945,70,Airbnb,IT,1,1,completed,,0,2025-08-01T12:00:00
B004158,L0069,G02463,2025-10-11,2026-02-01,2026-02-08,7,2,1085,113,Direct,FR,0,1,confirmed,,0,2025-08-01T12:00:00
B000685,L0027,G00533,2025-06-24,2025-11-03,2025-11-09,6,1,1572,132,Direct,FR,0,1,cancelled,2025-06-25,1572,2025-08-01T12:00:00
B003073,L0006,G01223,2025-05-03,2025-06-09,2025-06-11,2,4,612,37,Vrbo,BR,1,1,cancelled,2025-05-10,306,2025-08-01T12:00:00
B002757,L0050,G01235,2024-02-19,2024-04-22,2024-04-26,4,4,1168,63,Booking.com,GB,1,0,cancelled,2024-03-08,1168,2025-08-01T12:00:00
B004184,L0077,G02054,2025-09-11,2025-11-29,2025-12-01,2,3,740,79,Direct,NL,0,1,completed,,0,2025-08-01T12:00:00
B003511,L0076,G01851,2024-04-10,2024-10-25,2024-10-30,5,1,850,198,Airbnb,NL,1,0,cancelled,2024-04-28,850,2025-08-01T12:00:00
B004196,L0042,G02120,2026-07-04,2026-12-31,2027-01-10,10,2,1880,180,Airbnb,GB,0,0,cancelled,2026-08-12,940,2025-08-01T12:00:00
B004178,L0003,G01432,2026-09-15,2027-02-26,2027-03-01,3,1,891,164,Vrbo,NL,0,0,confirmed,,0,2025-08-01T12:00:00
B004039,L0027,G01593,2026-04-05,2026-08-14,2026-08-24,10,1,1990,131,Airbnb,ES,0,0,completed,,0,2025-08-01T12:00:00
B004179,L0038,G00342,2025-06-05,2025-09-27,2025-10-07,10,1,2360,114,Booking.com,DE,0,0,completed,,0,2025-08-01T12:00:00
B004031,L0066,G01740,2026-10-28,2027-01-30,2027-02-07,8,1,1552,94,Vrbo,IT,0,0,confirmed,,0,2025-08-01T12:00:00
B003986,L0039,G00121,2024-06-10,2024-07-17,2024-07-24,7,4,1533,37,Vrbo,DE,1,0,cancelled,2024-06-27,1533,2025-08-01T12:00:00
B004169,L0076,G01837,2026-08-24,2026-09-05,2026-09-12,7,2,945,12,Booking.com,PT,0,0,cancelled,2026-09-04,472,2025-08-01T12:00:00
B004010,L0079,G01217,2026-11-20,2027-01-30,2027-02-05,6,2,1554,71,Airbnb,BR,0,1,confirmed,,0,2025-08-01T12:00:00
B004165,L0045,G00871,2025-08-25,2026-02-23,2026-02-28,5,2,450,182,Vrbo,BR,0,1,cancelled,2025-10-30,225,2025-08-01T12:00:00
B002269,L0023,G00903,2025-05-28,2025-07-08,2025-07-17,9,3,1188,41,Direct,BR,0,0,cancelled,2025-06-12,594,2025-08-01T12:00:00
B004101,L0075,G00801,2025-10-11,2026-01-11,2026-01-14,3,2,1170,92,Airbnb,DE,1,1,completed,,0,2025-08-01T12:00:00
B001825,L0057,G01506,2025-06-07,2025-08-22,2025-09-01,10,1,1250,76,Vrbo,PT,1,1,cancelled,2025-06-16,0,2025-08-01T12:00:00
B004038,L0007,G01099,2025-07-07,2025-07-12,2025-07-18,6,8,1050,5,Airbnb,IT,0,0,confirmed,,0,2025-08-01T12:00:00
B002888,L0036,G02254,2024-08-14,2024-11-08,2024-11-12,4,1,732,86,Booking.com,FR,0,0,cancelled,2024-08-17,366,2025-08-01T12:00:00
B004033,L0036,G02199,2025-08-30,2026-02-16,2026-02-23,7,7,1365,170,Direct,GB,0,1,cancelled,2025-11-14,682,2025-08-01T12:00:00
B004057,L0072,G01837,2025-08-19,2026-01-15,2026-01-18,3,2,318,149,Vrbo,DE,0,1,cancelled,2025-10-21,318,2025-08-01T12:00:00
B004016,L0060,G01730,2026-11-04,2027-05-15,2027-05-20,5,2,480,192,Booking.com,IT,1,1,cancelled,2027-03-20,240,2025-08-01T12:00:00
B003183,L0033,G00929,2025-03-09,2025-08-23,2025-09-01,9,6,657,167,Vrbo,GB,1,1,cancelled,2025-03-25,328,2025-08-01T12:00:00
B004154,L0038,G00270,2026-05-17,2026-11-09,2026-11-13,4,1,1008,176,Direct,GB,0,1,completed,,0,2025-08-01T12:00:00
B003398,L0018,G00789,2024-12-15,2025-01-05,2025-01-07,2,2,294,21,Vrbo,BR,0,1,cancelled,2025-01-01,294,2025-08-01T12:00:00
B004017,L0008,G01830,2025-12-31,2026-02-05,2026-02-09,4,2,756,36,Booking.com,US,0,1,cancelled,2026-01-16,0,2025-08-01T12:00:00
B003253,L0003,G00881,2024-03-06,2024-03-28,2024-04-03,6,2,1722,22,Booking.com,ES,0,0,cancelled,2024-03-25,861,2025-08-01T12:00:00
B000331,L0050,G02056,2024-12-29,2025-02-25,2025-02-28,3,5,786,58,Vrbo,GB,0,0,cancelled,2025-01-09,786,2025-08-01T12:00:00
B004012,L0035,G00176,2026-04-04,2026-07-13,2026-07-17,4,1,1336,100,Airbnb,US,1,1,confirmed,,0,2025-08-01T12:00:00
